Crime ID,Month,Reported by,Falls within,Longitude,Latitude,Location,LSOA code,LSOA name,Crime type,Last outcome category,Context
7529ee5bc4329b5ad097bb376f576395ab2d212bdb890715fce39298e9e02b2f,2024-02,Dyfed-Powys Police,Dyfed-Powys Police,-3.957301,52.021241,On or near Parc Annell,W01000650,Carmarthenshire 002B,Violence and sexual offences,Offender given a caution,
,2024-02,Dyfed-Powys Police,Dyfed-Powys Police,-3.748356,52.051485,On or near Cynghordy,W01000678,Carmarthenshire 002C,Anti-social behaviour,,
3241f7b4f877c928418ec464dabb993d2c8d9a6740b7ab914d91e1ceae6bab86,2024-02,Dyfed-Powys Police,Dyfed-Powys Police,-4.323001,52.032786,On or near Tan Y Bryn,W01000688,Carmarthenshire 003B,Other crime,Court result unavailable,
,2024-02,Dyfed-Powys Police,Dyfed-Powys Police,-4.552554,51.929662,On or near Park/Open Space,W01000728,Carmarthenshire 003D,Anti-social behaviour,,
,2024-02,Dyfed-Powys Police,Dyfed-Powys Police,-3.991807,51.884153,On or near A483,W01000676,Carmarthenshire 004A,Anti-social behaviour,,
,2024-02,Dyfed-Powys Police,Dyfed-Powys Police,-3.992550,51.882558,On or near Teras Yr Abaty,W01000677,Carmarthenshire 004B,Anti-social behaviour,,
,2024-02,Dyfed-Powys Police,Dyfed-Powys Police,-3.989074,51.886115,On or near Maes Y Farchnad,W01000677,Carmarthenshire 004B,Anti-social behaviour,,
,2024-02,Dyfed-Powys Police,Dyfed-Powys Police,-3.989074,51.886115,On or near Maes Y Farchnad,W01000677,Carmarthenshire 004B,Anti-social behaviour,,
fdb46ed8fef65ce2cb635942ded21e366b9d1eeac91ccf8e13f3f7e370c4fdaa,2024-02,Dyfed-Powys Police,Dyfed-Powys Police,-4.012145,51.897376,On or near Cae Bach,W01000709,Carmarthenshire 004D,Criminal damage and arson,Investigation complete; no suspect identified,
04084ef4e156c89e988f9aacb56e1fad9b87e88bada3429c6d550c4d4f2e9641,2024-02,Dyfed-Powys Police,Dyfed-Powys Police,-4.268214,51.920180,On or near Dan Y Dderwen,W01000624,Carmarthenshire 005A,Violence and sexual offences,Unable to prosecute suspect,
,2024-02,Dyfed-Powys Police,Dyfed-Powys Police,-4.064024,51.813389,On or near Clôs Y Gât,W01000684,Carmarthenshire 005D,Anti-social behaviour,,
,2024-02,Dyfed-Powys Police,Dyfed-Powys Police,-4.333531,51.859677,On or near Maes Dewi,W01000644,Carmarthenshire 006B,Anti-social behaviour,,
,2024-02,Dyfed-Powys Police,Dyfed-Powys Police,-4.333531,51.859677,On or near Maes Dewi,W01000644,Carmarthenshire 006B,Anti-social behaviour,,
8c99a15c26a6b5b85cafbc613e1964ccb07307ecc5c0b3809eb176e78d22c9ac,2024-02,Dyfed-Powys Police,Dyfed-Powys Police,-4.327754,51.855808,On or near Waun Burgess,W01000644,Carmarthenshire 006B,Violence and sexual offences,Court result unavailable,
,2024-02,Dyfed-Powys Police,Dyfed-Powys Police,-4.313669,51.857552,On or near Model Court,W01000645,Carmarthenshire 006C,Anti-social behaviour,,
,2024-02,Dyfed-Powys Police,Dyfed-Powys Police,-4.313669,51.857552,On or near Model Court,W01000645,Carmarthenshire 006C,Anti-social behaviour,,
,2024-02,Dyfed-Powys Police,Dyfed-Powys Police,-4.303499,51.938991,On or near Sports/Recreation Area,W01000648,Carmarthenshire 006D,Anti-social behaviour,,
,2024-02,Dyfed-Powys Police,Dyfed-Powys Police,-4.298210,51.862531,On or near Park Hall,W01000638,Carmarthenshire 007B,Anti-social behaviour,,
,2024-02,Dyfed-Powys Police,Dyfed-Powys Police,-4.298210,51.862531,On or near Park Hall,W01000638,Carmarthenshire 007B,Anti-social behaviour,,
,2024-02,Dyfed-Powys Police,Dyfed-Powys Police,-4.298210,51.862531,On or near Park Hall,W01000638,Carmarthenshire 007B,Anti-social behaviour,,
,2024-02,Dyfed-Powys Police,Dyfed-Powys Police,-4.298210,51.862531,On or near Park Hall,W01000638,Carmarthenshire 007B,Anti-social behaviour,,
,2024-02,Dyfed-Powys Police,Dyfed-Powys Police,-4.298210,51.862531,On or near Park Hall,W01000638,Carmarthenshire 007B,Anti-social behaviour,,
,2024-02,Dyfed-Powys Police,Dyfed-Powys Police,-4.298210,51.862531,On or near Park Hall,W01000638,Carmarthenshire 007B,Anti-social behaviour,,
,2024-02,Dyfed-Powys Police,Dyfed-Powys Police,-4.295616,51.862645,On or near Garth Y Prior,W01000638,Carmarthenshire 007B,Anti-social behaviour,,
,2024-02,Dyfed-Powys Police,Dyfed-Powys Police,-4.294928,51.864259,On or near Llys Caermedi,W01000638,Carmarthenshire 007B,Anti-social behaviour,,
84ee4321a8fd18c08f0494a061e37ea398c56f7c55a3d0ffdf50bc752d2b25dc,2024-02,Dyfed-Powys Police,Dyfed-Powys Police,-4.296385,51.863772,On or near Ross Avenue,W01000638,Carmarthenshire 007B,Violence and sexual offences,Unable to prosecute suspect,
,2024-02,Dyfed-Powys Police,Dyfed-Powys Police,-4.306164,51.860451,On or near Myrddin Crescent,W01000639,Carmarthenshire 007C,Anti-social behaviour,,
,2024-02,Dyfed-Powys Police,Dyfed-Powys Police,-4.309782,51.860200,On or near Maes Y Ffair,W01000639,Carmarthenshire 007C,Anti-social behaviour,,
,2024-02,Dyfed-Powys Police,Dyfed-Powys Police,-4.312285,51.858586,On or near Parking Area,W01000639,Carmarthenshire 007C,Anti-social behaviour,,
,2024-02,Dyfed-Powys Police,Dyfed-Powys Police,-4.306338,51.855619,On or near Bridge Street,W01000641,Carmarthenshire 008A,Anti-social behaviour,,
,2024-02,Dyfed-Powys Police,Dyfed-Powys Police,-4.306513,51.855067,On or near Coracle Way,W01000641,Carmarthenshire 008A,Anti-social behaviour,,
,2024-02,Dyfed-Powys Police,Dyfed-Powys Police,-4.307924,51.857377,On or near Red Street,W01000641,Carmarthenshire 008A,Anti-social behaviour,,
,2024-02,Dyfed-Powys Police,Dyfed-Powys Police,-4.300267,51.859874,On or near Clos Y Deri,W01000641,Carmarthenshire 008A,Anti-social behaviour,,
,2024-02,Dyfed-Powys Police,Dyfed-Powys Police,-4.306338,51.855619,On or near Bridge Street,W01000641,Carmarthenshire 008A,Anti-social behaviour,,
f935a03bad10f8d312d9dd115c56bd80a68fbb8c0470d94b34ae6f1144adab30,2024-02,Dyfed-Powys Police,Dyfed-Powys Police,-4.312864,51.854879,On or near Supermarket,W01000641,Carmarthenshire 008A,Drugs,Local resolution,
2109a57ac61cbd5d4e60f5d718638243feca324d6438071bce56b1bfbda6d9a0,2024-02,Dyfed-Powys Police,Dyfed-Powys Police,-4.303985,51.856744,On or near Spilman Street,W01000641,Carmarthenshire 008A,Public order,Further investigation is not in the public interest,
b6067ee17cf4d49117dae1b40296b7429a1c422f15aba6adce81b6c50fcb19d8,2024-02,Dyfed-Powys Police,Dyfed-Powys Police,-4.327880,51.851507,On or near Heol Salem,W01000642,Carmarthenshire 008B,Violence and sexual offences,Court result unavailable,
,2024-02,Dyfed-Powys Police,Dyfed-Powys Police,-4.299345,51.850342,On or near Haulfryn,W01000693,Carmarthenshire 008C,Anti-social behaviour,,
,2024-02,Dyfed-Powys Police,Dyfed-Powys Police,-4.303953,51.853810,On or near Petrol Station,W01000694,Carmarthenshire 008D,Anti-social behaviour,,
,2024-02,Dyfed-Powys Police,Dyfed-Powys Police,-3.864014,51.816794,On or near Arfryn,W01000718,Carmarthenshire 010D,Anti-social behaviour,,
,2024-02,Dyfed-Powys Police,Dyfed-Powys Police,-3.989336,51.803814,On or near Dol Y Dderwen,W01000680,Carmarthenshire 011A,Anti-social behaviour,,
,2024-02,Dyfed-Powys Police,Dyfed-Powys Police,-4.010674,51.817856,On or near Maes Piode,W01000681,Carmarthenshire 011B,Anti-social behaviour,,
,2024-02,Dyfed-Powys Police,Dyfed-Powys Police,-4.009223,51.826334,On or near Llandeilo Road,W01000681,Carmarthenshire 011B,Anti-social behaviour,,
,2024-02,Dyfed-Powys Police,Dyfed-Powys Police,-4.164888,51.805891,On or near Park/Open Space,W01000675,Carmarthenshire 012A,Anti-social behaviour,,
,2024-02,Dyfed-Powys Police,Dyfed-Powys Police,-4.229311,51.736244,On or near Maes-Y-Wern,W01000695,Carmarthenshire 012B,Anti-social behaviour,,
,2024-02,Dyfed-Powys Police,Dyfed-Powys Police,-4.229311,51.736244,On or near Maes-Y-Wern,W01000695,Carmarthenshire 012B,Anti-social behaviour,,
,2024-02,Dyfed-Powys Police,Dyfed-Powys Police,-3.996842,51.785261,On or near Heol Llwchwr,W01000625,Carmarthenshire 013A,Anti-social behaviour,,
7a2463ebbc1cbabc788d9c534d4bd9e5e4b1e7aa8499658654cbbc31d1b182ac,2024-02,Dyfed-Powys Police,Dyfed-Powys Police,-3.988143,51.795175,On or near Stryd-Yr-Eglwys,W01000626,Carmarthenshire 013B,Violence and sexual offences,Unable to prosecute suspect,
,2024-02,Dyfed-Powys Police,Dyfed-Powys Police,-3.987348,51.791609,On or near Stryd Y Cei,W01000626,Carmarthenshire 013B,Anti-social behaviour,,
,2024-02,Dyfed-Powys Police,Dyfed-Powys Police,-3.996738,51.795721,On or near Ammanford,W01000626,Carmarthenshire 013B,Anti-social behaviour,,
,2024-02,Dyfed-Powys Police,Dyfed-Powys Police,-3.987709,51.790578,On or near Parking Area,W01000626,Carmarthenshire 013B,Anti-social behaviour,,
546a24a5a753f1d468070374cefdb931b7f7d6ee6fcc3aa342b51340374d6a50,2024-02,Dyfed-Powys Police,Dyfed-Powys Police,-3.978260,51.774794,On or near Cwm Felin Road,W01000627,Carmarthenshire 013C,Drugs,Local resolution,
,2024-02,Dyfed-Powys Police,Dyfed-Powys Police,-3.995572,51.797234,On or near Norman Road,W01000714,Carmarthenshire 013D,Anti-social behaviour,,
,2024-02,Dyfed-Powys Police,Dyfed-Powys Police,-4.105758,51.786804,On or near Kew Gardens,W01000697,Carmarthenshire 015A,Anti-social behaviour,,
,2024-02,Dyfed-Powys Police,Dyfed-Powys Police,-4.067238,51.802461,On or near Grove Hill Park,W01000712,Carmarthenshire 015D,Anti-social behaviour,,
e366ce537a5ffc8c87b63fa52020d1ce1be37171f7b1407afa860d256166fb2b,2024-02,Dyfed-Powys Police,Dyfed-Powys Police,-4.206450,51.762871,On or near Victoria Road,W01000662,Carmarthenshire 016A,Violence and sexual offences,Court result unavailable,
e120ece7464e834b423b92b251887eabd1ca5bec28ef6353711efc8895e74e4d,2024-02,Dyfed-Powys Police,Dyfed-Powys Police,-4.173171,51.778158,On or near Heol Y Parc,W01000716,Carmarthenshire 016D,Possession of weapons,Formal action is not in the public interest,
4dbcebda40426703764d307fe258ba6b7698d939f69431f911783d008e311edf,2024-02,Dyfed-Powys Police,Dyfed-Powys Police,-4.024556,51.772782,On or near Teglan Park,W01000731,Carmarthenshire 017C,Violence and sexual offences,Unable to prosecute suspect,
,2024-02,Dyfed-Powys Police,Dyfed-Powys Police,-4.129430,51.693997,On or near Llys Cilsaig,W01000651,Carmarthenshire 020A,Anti-social behaviour,,
,2024-02,Dyfed-Powys Police,Dyfed-Powys Police,-4.142683,51.696409,On or near Ynyswen,W01000655,Carmarthenshire 020C,Anti-social behaviour,,
,2024-02,Dyfed-Powys Police,Dyfed-Powys Police,-4.248610,51.687369,On or near Stepney Road,W01000632,Carmarthenshire 021A,Anti-social behaviour,,
,2024-02,Dyfed-Powys Police,Dyfed-Powys Police,-4.243466,51.682827,On or near Morlan Terrace,W01000633,Carmarthenshire 021B,Anti-social behaviour,,
,2024-02,Dyfed-Powys Police,Dyfed-Powys Police,-4.247707,51.684608,On or near Bridge Street,W01000633,Carmarthenshire 021B,Anti-social behaviour,,
3f8ff6174cb6838ec92a6743031caa18d8d569a3d134ea5dcdf691d4dfa4ced3,2024-02,Dyfed-Powys Police,Dyfed-Powys Police,-4.268968,51.686528,On or near Clos Y Dderwen,W01000710,Carmarthenshire 021D,Violence and sexual offences,Investigation complete; no suspect identified,
,2024-02,Dyfed-Powys Police,Dyfed-Powys Police,-4.253755,51.684635,On or near Llys-Y-Llyfrgell,W01000711,Carmarthenshire 021E,Anti-social behaviour,,
,2024-02,Dyfed-Powys Police,Dyfed-Powys Police,-4.159039,51.682504,On or near Park Eynon,W01000703,Carmarthenshire 022A,Anti-social behaviour,,
f976e1759dea3c64f8d2d0851453ae1af1f61e7c7c1079ba8911e16db4c672a4,2024-02,Dyfed-Powys Police,Dyfed-Powys Police,-4.166651,51.687103,On or near Courtenay Road,W01000653,Carmarthenshire 023A,Violence and sexual offences,Unable to prosecute suspect,
,2024-02,Dyfed-Powys Police,Dyfed-Powys Police,-4.164810,51.683396,On or near Coldstream Street,W01000653,Carmarthenshire 023A,Anti-social behaviour,,
,2024-02,Dyfed-Powys Police,Dyfed-Powys Police,-4.161979,51.682288,On or near Frederick Street,W01000654,Carmarthenshire 023B,Anti-social behaviour,,
,2024-02,Dyfed-Powys Police,Dyfed-Powys Police,-4.161979,51.682288,On or near Frederick Street,W01000654,Carmarthenshire 023B,Anti-social behaviour,,
,2024-02,Dyfed-Powys Police,Dyfed-Powys Police,-4.165141,51.681231,On or near Waunlanyrafon,W01000654,Carmarthenshire 023B,Anti-social behaviour,,
,2024-02,Dyfed-Powys Police,Dyfed-Powys Police,-4.165841,51.683170,On or near Coleshill Terrace,W01000654,Carmarthenshire 023B,Anti-social behaviour,,
,2024-02,Dyfed-Powys Police,Dyfed-Powys Police,-4.161786,51.680960,On or near Cowell Street,W01000654,Carmarthenshire 023B,Anti-social behaviour,,
,2024-02,Dyfed-Powys Police,Dyfed-Powys Police,-4.165354,51.680970,On or near Police Station,W01000654,Carmarthenshire 023B,Anti-social behaviour,,
bafb26de16c71195903ab7c25a8b71a8ec8bd7324dce74e2c6a94705b9dcaff0,2024-02,Dyfed-Powys Police,Dyfed-Powys Police,-4.161979,51.682288,On or near Frederick Street,W01000654,Carmarthenshire 023B,Criminal damage and arson,Status update unavailable,
,2024-02,Dyfed-Powys Police,Dyfed-Powys Police,-4.177931,51.686714,On or near Clos Bowen,W01000667,Carmarthenshire 023C,Anti-social behaviour,,
,2024-02,Dyfed-Powys Police,Dyfed-Powys Police,-4.172898,51.699721,On or near Brynmefys,W01001925,Carmarthenshire 023F,Anti-social behaviour,,
e77c1c696630023c8aa79f4680868cbe7f285efc1d0faef604fbfbf71f0c7c8f,2024-02,Dyfed-Powys Police,Dyfed-Powys Police,-4.182570,51.685090,On or near Sandy Road,W01001925,Carmarthenshire 023F,Drugs,Further investigation is not in the public interest,
22618af7db68a028170b00e7912e91cd372634827f8bdfd5c97b0c729f3044e7,2024-02,Dyfed-Powys Police,Dyfed-Powys Police,-4.209504,51.687095,On or near Tramway Lane,W01001925,Carmarthenshire 023F,Other crime,Local resolution,
,2024-02,Dyfed-Powys Police,Dyfed-Powys Police,-4.140431,51.676891,On or near Shopping Area,W01000628,Carmarthenshire 024A,Anti-social behaviour,,
,2024-02,Dyfed-Powys Police,Dyfed-Powys Police,-4.150125,51.677568,On or near Queen Mary'S Walk,W01000630,Carmarthenshire 024C,Anti-social behaviour,,
6e59195e575cb1f8102f9ae732cfa63833da8b989b5fe1cffacf35fba0401b47,2024-02,Dyfed-Powys Police,Dyfed-Powys Police,-4.107164,51.678167,On or near Craigwen,W01000636,Carmarthenshire 025B,Violence and sexual offences,Unable to prosecute suspect,
,2024-02,Dyfed-Powys Police,Dyfed-Powys Police,-4.131500,51.682917,On or near Llandafen Road,W01000706,Carmarthenshire 025C,Anti-social behaviour,,
,2024-02,Dyfed-Powys Police,Dyfed-Powys Police,-4.125925,51.684052,On or near Carnhywel,W01000707,Carmarthenshire 025D,Anti-social behaviour,,
,2024-02,Dyfed-Powys Police,Dyfed-Powys Police,-4.125056,51.681559,On or near Clos Cefn-Y-Maes,W01000708,Carmarthenshire 025E,Anti-social behaviour,,
,2024-02,Dyfed-Powys Police,Dyfed-Powys Police,-4.155482,51.669458,On or near Dolau Court,W01000659,Carmarthenshire 026A,Anti-social behaviour,,
,2024-02,Dyfed-Powys Police,Dyfed-Powys Police,-4.165772,51.673558,On or near St David'S Close,W01000660,Carmarthenshire 026B,Anti-social behaviour,,
,2024-02,Dyfed-Powys Police,Dyfed-Powys Police,-4.169090,51.674585,On or near Maes Cambria,W01000660,Carmarthenshire 026B,Anti-social behaviour,,
98dd91d4528bd5aadb7cd505743ba35f2941a2b5d1d68ee29e679ee295890fb2,2024-02,Dyfed-Powys Police,Dyfed-Powys Police,-4.169258,51.672945,On or near The Mariners,W01000660,Carmarthenshire 026B,Criminal damage and arson,Investigation complete; no suspect identified,
627674d2cfeef08bf26d1c38f0a3aa7ee83f6ea7c133287305fff0860a603b3e,2024-02,Dyfed-Powys Police,Dyfed-Powys Police,-4.167069,51.671636,On or near Caroline Street,W01000660,Carmarthenshire 026B,Drugs,Local resolution,
,2024-02,Dyfed-Powys Police,Dyfed-Powys Police,-4.160798,51.679342,On or near Ralph Street,W01000733,Carmarthenshire 026E,Anti-social behaviour,,
,2024-02,Dyfed-Powys Police,Dyfed-Powys Police,-4.159248,51.681380,On or near Supermarket,W01000733,Carmarthenshire 026E,Anti-social behaviour,,
,2024-02,Dyfed-Powys Police,Dyfed-Powys Police,-4.160798,51.679342,On or near Ralph Street,W01000733,Carmarthenshire 026E,Anti-social behaviour,,
,2024-02,Dyfed-Powys Police,Dyfed-Powys Police,-4.162011,51.676280,On or near Maes Y Gors,W01000733,Carmarthenshire 026E,Anti-social behaviour,,
,2024-02,Dyfed-Powys Police,Dyfed-Powys Police,-4.158650,51.674642,On or near Emma Street,W01000734,Carmarthenshire 026F,Anti-social behaviour,,
,2024-02,Dyfed-Powys Police,Dyfed-Powys Police,-4.173955,51.673173,On or near Parking Area,W01001923,Carmarthenshire 026G,Anti-social behaviour,,
,2024-02,Dyfed-Powys Police,Dyfed-Powys Police,-4.173955,51.673173,On or near Parking Area,W01001923,Carmarthenshire 026G,Anti-social behaviour,,
,2024-02,Dyfed-Powys Police,Dyfed-Powys Police,-4.150189,51.670067,On or near Havelock Street,W01001924,Carmarthenshire 026H,Anti-social behaviour,,
,2024-02,Dyfed-Powys Police,Dyfed-Powys Police,-4.150770,51.667368,On or near Dafen Row,W01001924,Carmarthenshire 026H,Anti-social behaviour,,
,2024-02,Dyfed-Powys Police,Dyfed-Powys Police,-4.152378,51.669272,On or near Clos Dewi Medi,W01001924,Carmarthenshire 026H,Anti-social behaviour,,
,2024-02,Dyfed-Powys Police,Dyfed-Powys Police,-4.502371,51.818345,On or near Tenby Road,W01000720,Carmarthenshire 027B,Anti-social behaviour,,
c51caddf267e2ac11853e3771673de7a6c43fb254f880975960c19608397ceaa,2024-02,Dyfed-Powys Police,Dyfed-Powys Police,-4.614488,51.819456,On or near Llangan Road,W01000735,Carmarthenshire 027D,Violence and sexual offences,Unable to prosecute suspect,
03cc6bfd9cedf9b35c6430d337af9d6c6b6a0ef330dfe014693cf027bf9e4262,2024-02,Dyfed-Powys Police,Dyfed-Powys Police,-4.600005,51.822215,On or near Clos Llwyn Ty Gwyn,W01000735,Carmarthenshire 027D,Violence and sexual offences,Unable to prosecute suspect,
f7ef28b66d6ef91d640c7d0270fbcebdb10f183fc4ed55783cead12ca5f65a8c,2024-02,Dyfed-Powys Police,Dyfed-Powys Police,-4.533276,51.801486,On or near Hydfron Close,W01000672,Carmarthenshire 027E,Other crime,Court result unavailable,
,2024-02,Dyfed-Powys Police,Dyfed-Powys Police,-4.350967,51.816204,On or near Sports/Recreation Area,W01000700,Carmarthenshire 027G,Anti-social behaviour,,
,2024-02,Dyfed-Powys Police,Dyfed-Powys Police,-4.071592,52.416068,On or near Hospital,W01000512,Ceredigion 002A,Anti-social behaviour,,
,2024-02,Dyfed-Powys Police,Dyfed-Powys Police,-4.083912,52.415383,On or near Stryd-Y-Popty,W01000513,Ceredigion 002B,Anti-social behaviour,,
,2024-02,Dyfed-Powys Police,Dyfed-Powys Police,-4.085581,52.414284,On or near Y Stryd Fawr,W01000513,Ceredigion 002B,Anti-social behaviour,,
,2024-02,Dyfed-Powys Police,Dyfed-Powys Police,-4.081200,52.415251,On or near Stryd Cambria,W01000513,Ceredigion 002B,Anti-social behaviour,,
f99ba00e4bacecc4dbcdfc2729d17ff145662d6af50ec137e35779733dc7704a,2024-02,Dyfed-Powys Police,Dyfed-Powys Police,-4.082336,52.416256,On or near Fford Portland,W01000513,Ceredigion 002B,Public order,Court result unavailable,
,2024-02,Dyfed-Powys Police,Dyfed-Powys Police,-4.087519,52.412362,On or near Tan Y Cae,W01000517,Ceredigion 002D,Anti-social behaviour,,
,2024-02,Dyfed-Powys Police,Dyfed-Powys Police,-4.087519,52.412362,On or near Tan Y Cae,W01000517,Ceredigion 002D,Anti-social behaviour,,
,2024-02,Dyfed-Powys Police,Dyfed-Powys Police,-4.087674,52.412835,On or near Ffordd Pen Maes Glas,W01000517,Ceredigion 002D,Anti-social behaviour,,
,2024-02,Dyfed-Powys Police,Dyfed-Powys Police,-4.087519,52.412362,On or near Tan Y Cae,W01000517,Ceredigion 002D,Anti-social behaviour,,
,2024-02,Dyfed-Powys Police,Dyfed-Powys Police,-4.087519,52.412362,On or near Tan Y Cae,W01000517,Ceredigion 002D,Anti-social behaviour,,
,2024-02,Dyfed-Powys Police,Dyfed-Powys Police,-4.087674,52.412835,On or near Ffordd Pen Maes Glas,W01000517,Ceredigion 002D,Anti-social behaviour,,
2d4a3c443ada1945dfe4d092ea2b67585d9d05d3161b8cc00d54101108d02aed,2024-02,Dyfed-Powys Police,Dyfed-Powys Police,-4.079619,52.417887,On or near Trefor Road,W01002000,Ceredigion 002G,Violence and sexual offences,Unable to prosecute suspect,
,2024-02,Dyfed-Powys Police,Dyfed-Powys Police,-4.078849,52.417163,On or near Parc Y Bryn,W01002001,Ceredigion 002H,Anti-social behaviour,,
,2024-02,Dyfed-Powys Police,Dyfed-Powys Police,-4.074224,52.403847,On or near Maes-Y-Ffynnon,W01000515,Ceredigion 003A,Anti-social behaviour,,
,2024-02,Dyfed-Powys Police,Dyfed-Powys Police,-4.074224,52.403847,On or near Maes-Y-Ffynnon,W01000515,Ceredigion 003A,Anti-social behaviour,,
3f34ae91a0a8cd986654342c2e118babe21c022123738bf2ad6d471266329d27,2024-02,Dyfed-Powys Police,Dyfed-Powys Police,-4.070693,52.400330,On or near A487,W01000516,Ceredigion 003B,Drugs,Formal action is not in the public interest,
,2024-02,Dyfed-Powys Police,Dyfed-Powys Police,-4.082849,52.412922,On or near Shopping Area,W01000518,Ceredigion 003C,Anti-social behaviour,,
,2024-02,Dyfed-Powys Police,Dyfed-Powys Police,-4.360478,52.205368,On or near Penrhiw Pistyll Lane,W01002002,Ceredigion 007E,Anti-social behaviour,,
0e3a81d801f7308ef600710dd62877f6fba1ae922bc0a39a75f8e2d9afbc3bce,2024-02,Dyfed-Powys Police,Dyfed-Powys Police,-4.336539,52.165596,On or near Petrol Station,W01002002,Ceredigion 007E,Violence and sexual offences,Unable to prosecute suspect,
,2024-02,Dyfed-Powys Police,Dyfed-Powys Police,-4.082090,52.113652,On or near Church Street,W01000527,Ceredigion 008A,Anti-social behaviour,,
,2024-02,Dyfed-Powys Police,Dyfed-Powys Police,-4.077839,52.113922,On or near Shopping Area,W01000527,Ceredigion 008A,Anti-social behaviour,,
,2024-02,Dyfed-Powys Police,Dyfed-Powys Police,-4.077454,52.114138,On or near College Street,W01000527,Ceredigion 008A,Anti-social behaviour,,
,2024-02,Dyfed-Powys Police,Dyfed-Powys Police,-4.077454,52.114138,On or near College Street,W01000527,Ceredigion 008A,Anti-social behaviour,,
,2024-02,Dyfed-Powys Police,Dyfed-Powys Police,-4.647713,52.089233,On or near Petrol Station,W01000510,Ceredigion 009D,Anti-social behaviour,,
,2024-02,Dyfed-Powys Police,Dyfed-Powys Police,-4.659381,52.084141,On or near William Street,W01000510,Ceredigion 009D,Anti-social behaviour,,
d3f54277eee5ef75f813aea20fe4749e8b0f944cb81779b7f8f70c0984c15b39,2024-02,Dyfed-Powys Police,Dyfed-Powys Police,-4.651774,52.087559,On or near Supermarket,W01000510,Ceredigion 009D,Public order,Unable to prosecute suspect,
,2024-02,Dyfed-Powys Police,Dyfed-Powys Police,-4.662831,52.084476,On or near Greenfield Row,W01000511,Ceredigion 009E,Anti-social behaviour,,
,2024-02,Dyfed-Powys Police,Dyfed-Powys Police,-4.661226,52.082768,On or near High Street,W01000511,Ceredigion 009E,Anti-social behaviour,,
,2024-02,Dyfed-Powys Police,Dyfed-Powys Police,-4.658965,52.082783,On or near Morgan Street,W01000511,Ceredigion 009E,Anti-social behaviour,,
1a92017e2ff94188ebe6c556dda3890058930bf5aeed40c5dfb01067ddb033ca,2024-02,Dyfed-Powys Police,Dyfed-Powys Police,-4.661226,52.082768,On or near High Street,W01000511,Ceredigion 009E,Public order,Unable to prosecute suspect,
,2024-02,Dyfed-Powys Police,Dyfed-Powys Police,-4.612744,52.102397,On or near Heol-Y-Felin,W01000547,Ceredigion 009G,Anti-social behaviour,,
0cc4a6a9fc335a4e77208a951ebb1b7f39c6473f12010167aa91bd7c7e201847,2024-02,Dyfed-Powys Police,Dyfed-Powys Police,-4.588552,52.106771,On or near Parking Area,W01000547,Ceredigion 009G,Violence and sexual offences,Unable to prosecute suspect,
,2024-02,Dyfed-Powys Police,Dyfed-Powys Police,-4.381684,52.051163,On or near Heol Y Merwydd,W01000531,Ceredigion 010C,Anti-social behaviour,,
,2024-02,Dyfed-Powys Police,Dyfed-Powys Police,-4.308256,52.042598,On or near Lon Channing,W01000533,Ceredigion 010D,Anti-social behaviour,,
,2024-02,Dyfed-Powys Police,Dyfed-Powys Police,-4.423278,52.101167,On or near B4334,W01000551,Ceredigion 010E,Anti-social behaviour,,
e65d5f2e481c21c0c3c6554d21e67979a1c776739ba41e5272c87e10e5963288,2024-02,Dyfed-Powys Police,Dyfed-Powys Police,-2.721199,52.056173,On or near Cross Street,E01014076,Herefordshire 013B,Violence and sexual offences,Unable to prosecute suspect,
18c10ed864ee4c0dd092a3f64b315296b2d284a1897c74926fcddd43949a7d8b,2024-02,Dyfed-Powys Police,Dyfed-Powys Police,-3.872298,51.806276,On or near Amman Road,W01000931,Neath Port Talbot 020E,Criminal damage and arson,Investigation complete; no suspect identified,
,2024-02,Dyfed-Powys Police,Dyfed-Powys Police,-4.972710,51.991048,On or near Heol Glyndwr,W01000565,Pembrokeshire 002B,Anti-social behaviour,,
,2024-02,Dyfed-Powys Police,Dyfed-Powys Police,-4.980469,51.995124,On or near Parking Area,W01000566,Pembrokeshire 002C,Anti-social behaviour,,
,2024-02,Dyfed-Powys Police,Dyfed-Powys Police,-4.995829,52.002154,On or near Wern Road,W01000567,Pembrokeshire 002D,Anti-social behaviour,,
,2024-02,Dyfed-Powys Police,Dyfed-Powys Police,-5.031055,51.883613,On or near B4330,W01000579,Pembrokeshire 003A,Anti-social behaviour,,
,2024-02,Dyfed-Powys Police,Dyfed-Powys Police,-4.982946,51.804331,On or near St David'S Road,W01000570,Pembrokeshire 005C,Anti-social behaviour,,
,2024-02,Dyfed-Powys Police,Dyfed-Powys Police,-4.984061,51.802324,On or near Kestrel Road,W01000570,Pembrokeshire 005C,Anti-social behaviour,,
,2024-02,Dyfed-Powys Police,Dyfed-Powys Police,-4.969055,51.806859,On or near Supermarket,W01000572,Pembrokeshire 005D,Anti-social behaviour,,
,2024-02,Dyfed-Powys Police,Dyfed-Powys Police,-4.969055,51.806859,On or near Supermarket,W01000572,Pembrokeshire 005D,Anti-social behaviour,,
,2024-02,Dyfed-Powys Police,Dyfed-Powys Police,-4.969055,51.806859,On or near Supermarket,W01000572,Pembrokeshire 005D,Anti-social behaviour,,
,2024-02,Dyfed-Powys Police,Dyfed-Powys Police,-4.968042,51.806722,On or near Shopping Area,W01000572,Pembrokeshire 005D,Anti-social behaviour,,
,2024-02,Dyfed-Powys Police,Dyfed-Powys Police,-4.969055,51.806859,On or near Supermarket,W01000572,Pembrokeshire 005D,Anti-social behaviour,,
,2024-02,Dyfed-Powys Police,Dyfed-Powys Police,-4.963428,51.807999,On or near Back Lane,W01000572,Pembrokeshire 005D,Anti-social behaviour,,
,2024-02,Dyfed-Powys Police,Dyfed-Powys Police,-4.969055,51.806859,On or near Supermarket,W01000572,Pembrokeshire 005D,Anti-social behaviour,,
,2024-02,Dyfed-Powys Police,Dyfed-Powys Police,-4.969055,51.806859,On or near Supermarket,W01000572,Pembrokeshire 005D,Anti-social behaviour,,
ca924bbd5d8a66fe6b8e812188be7a6f92d2a7567b9fa63d3f228f5b2c617e1b,2024-02,Dyfed-Powys Police,Dyfed-Powys Police,-4.961910,51.805205,On or near Sports/Recreation Area,W01000572,Pembrokeshire 005D,Violence and sexual offences,Action to be taken by another organisation,
,2024-02,Dyfed-Powys Police,Dyfed-Powys Police,-4.968196,51.802402,On or near The Friars Lane,W01002009,Pembrokeshire 005E,Anti-social behaviour,,
,2024-02,Dyfed-Powys Police,Dyfed-Powys Police,-4.966223,51.802622,On or near Picton Place,W01002009,Pembrokeshire 005E,Anti-social behaviour,,
,2024-02,Dyfed-Powys Police,Dyfed-Powys Police,-4.969596,51.803841,On or near Swansquare,W01002009,Pembrokeshire 005E,Anti-social behaviour,,
,2024-02,Dyfed-Powys Police,Dyfed-Powys Police,-4.969596,51.803841,On or near Swansquare,W01002009,Pembrokeshire 005E,Anti-social behaviour,,
a40ff83f9c3ebf886ef0e166ce7279c627375e402effa0f639695f0785e02273,2024-02,Dyfed-Powys Police,Dyfed-Powys Police,-4.966556,51.799961,On or near Old Quay,W01002009,Pembrokeshire 005E,Violence and sexual offences,Unable to prosecute suspect,
bef831331e71bbab9f0daf26da974248d37c4f44612dec5ccc2cae1f856224e8,2024-02,Dyfed-Powys Police,Dyfed-Powys Police,-4.970939,51.800435,On or near Market Street,W01002010,Pembrokeshire 005F,Violence and sexual offences,Awaiting court outcome,
,2024-02,Dyfed-Powys Police,Dyfed-Powys Police,-4.974754,51.799556,On or near Barn Court,W01002010,Pembrokeshire 005F,Anti-social behaviour,,
,2024-02,Dyfed-Powys Police,Dyfed-Powys Police,-4.973299,51.799053,On or near Dew Street,W01002010,Pembrokeshire 005F,Anti-social behaviour,,
,2024-02,Dyfed-Powys Police,Dyfed-Powys Police,-4.980060,51.797748,On or near Portfield Avenue,W01000571,Pembrokeshire 006A,Anti-social behaviour,,
,2024-02,Dyfed-Powys Police,Dyfed-Powys Police,-4.985536,51.799390,On or near Foley Way,W01000571,Pembrokeshire 006A,Anti-social behaviour,,
,2024-02,Dyfed-Powys Police,Dyfed-Powys Police,-4.985808,51.791873,On or near Maple Avenue,W01000573,Pembrokeshire 006B,Anti-social behaviour,,
,2024-02,Dyfed-Powys Police,Dyfed-Powys Police,-4.976445,51.797040,On or near Milford Road,W01000573,Pembrokeshire 006B,Anti-social behaviour,,
,2024-02,Dyfed-Powys Police,Dyfed-Powys Police,-4.988151,51.795735,On or near Furzy Park,W01000573,Pembrokeshire 006B,Anti-social behaviour,,
,2024-02,Dyfed-Powys Police,Dyfed-Powys Police,-4.960195,51.802945,On or near Cartlett,W01000573,Pembrokeshire 006B,Anti-social behaviour,,
509973dcc2f053c75fefadaba22e0d16afbbac6e96cd49b63e2613d8fdda9e39,2024-02,Dyfed-Powys Police,Dyfed-Powys Police,-4.964754,51.801688,On or near Cambrian Place,W01000573,Pembrokeshire 006B,Criminal damage and arson,Local resolution,
,2024-02,Dyfed-Powys Police,Dyfed-Powys Police,-4.969576,51.790522,On or near Heol Derwen,W01000586,Pembrokeshire 006C,Anti-social behaviour,,
,2024-02,Dyfed-Powys Police,Dyfed-Powys Police,-4.743857,51.798907,On or near High Street,W01000595,Pembrokeshire 007C,Anti-social behaviour,,
,2024-02,Dyfed-Powys Police,Dyfed-Powys Police,-4.742719,51.797836,On or near Market Square,W01000595,Pembrokeshire 007C,Anti-social behaviour,,
,2024-02,Dyfed-Powys Police,Dyfed-Powys Police,-4.994689,51.759129,On or near Petrol Station,W01000575,Pembrokeshire 008C,Anti-social behaviour,,
f9ebbaa844924b4a7020def577fe974d5d46c56fdc9b5462c5160273cb690c27,2024-02,Dyfed-Powys Police,Dyfed-Powys Police,-4.993289,51.761850,On or near Cadogan Close,W01000575,Pembrokeshire 008C,Public order,Court result unavailable,
48af079e278a75a42396b5bef61ca4eed0d9ddd4207090d2a0bb58439ab4ae95,2024-02,Dyfed-Powys Police,Dyfed-Powys Police,-4.965645,51.763990,On or near Moorland Road,W01000580,Pembrokeshire 009B,Violence and sexual offences,Unable to prosecute suspect,
,2024-02,Dyfed-Powys Police,Dyfed-Powys Police,-5.022710,51.713446,On or near Cellar Hill,W01000587,Pembrokeshire 010A,Anti-social behaviour,,
,2024-02,Dyfed-Powys Police,Dyfed-Powys Police,-5.030407,51.712285,On or near Police Station,W01000587,Pembrokeshire 010A,Anti-social behaviour,,
,2024-02,Dyfed-Powys Police,Dyfed-Powys Police,-5.030407,51.712285,On or near Police Station,W01000587,Pembrokeshire 010A,Anti-social behaviour,,
,2024-02,Dyfed-Powys Police,Dyfed-Powys Police,-5.031569,51.714288,On or near Shakespeare Avenue,W01000587,Pembrokeshire 010A,Anti-social behaviour,,
,2024-02,Dyfed-Powys Police,Dyfed-Powys Police,-5.023830,51.717654,On or near Cherry Tree Close,W01000588,Pembrokeshire 010B,Anti-social behaviour,,
,2024-02,Dyfed-Powys Police,Dyfed-Powys Police,-5.022325,51.718969,On or near Sycamore Close,W01000588,Pembrokeshire 010B,Anti-social behaviour,,
e81057a3f7cb36d3165142540bc6266b594bd9d7fb9692d55f7ec2a23f428180,2024-02,Dyfed-Powys Police,Dyfed-Powys Police,-5.020963,51.718078,On or near Maple Close,W01000588,Pembrokeshire 010B,Violence and sexual offences,Unable to prosecute suspect,
,2024-02,Dyfed-Powys Police,Dyfed-Powys Police,-5.024108,51.727018,On or near Plas Peregrine,W01002011,Pembrokeshire 010D,Anti-social behaviour,,
,2024-02,Dyfed-Powys Police,Dyfed-Powys Police,-5.028034,51.724426,On or near Skomer Drive,W01002012,Pembrokeshire 010E,Anti-social behaviour,,
,2024-02,Dyfed-Powys Police,Dyfed-Powys Police,-5.029102,51.717239,On or near Stone Court,W01002012,Pembrokeshire 010E,Anti-social behaviour,,
8f35383bf17944aba89b075a2d41d3c3d5f791256d1d25e1793528a515433024,2024-02,Dyfed-Powys Police,Dyfed-Powys Police,-4.755643,51.720774,On or near Morgans Lane,W01000563,Pembrokeshire 011B,Violence and sexual offences,Unable to prosecute suspect,
,2024-02,Dyfed-Powys Police,Dyfed-Powys Police,-4.714485,51.733235,On or near Heritage Gardens,W01000576,Pembrokeshire 011D,Anti-social behaviour,,
,2024-02,Dyfed-Powys Police,Dyfed-Powys Police,-5.046374,51.711809,On or near Parking Area,W01000589,Pembrokeshire 012A,Anti-social behaviour,,
296ee304435018947e628a37f650fb5ae8e218fea004e933f599c9b0adbe97d0,2024-02,Dyfed-Powys Police,Dyfed-Powys Police,-5.046374,51.711809,On or near Parking Area,W01000589,Pembrokeshire 012A,Public order,Unable to prosecute suspect,
,2024-02,Dyfed-Powys Police,Dyfed-Powys Police,-5.061411,51.719450,On or near Wentworth Close,W01000591,Pembrokeshire 012C,Anti-social behaviour,,
,2024-02,Dyfed-Powys Police,Dyfed-Powys Police,-5.055244,51.715815,On or near Church Road,W01000591,Pembrokeshire 012C,Anti-social behaviour,,
f411776a5ef3010d2a3f534480f53b0fe867487a7aa46f6bd5fb6efe0cd0e094,2024-02,Dyfed-Powys Police,Dyfed-Powys Police,-5.061411,51.719450,On or near Wentworth Close,W01000591,Pembrokeshire 012C,Violence and sexual offences,Investigation complete; no suspect identified,
,2024-02,Dyfed-Powys Police,Dyfed-Powys Police,-5.058462,51.714580,On or near Croft Avenue,W01000592,Pembrokeshire 012D,Anti-social behaviour,,
,2024-02,Dyfed-Powys Police,Dyfed-Powys Police,-5.058462,51.714580,On or near Croft Avenue,W01000592,Pembrokeshire 012D,Anti-social behaviour,,
,2024-02,Dyfed-Powys Police,Dyfed-Powys Police,-5.041174,51.715227,On or near Parking Area,W01000594,Pembrokeshire 012E,Anti-social behaviour,,
1eb34aeab9315516914920e4851b509fa1dfb6c8ec9cd97be9783167afaf763d,2024-02,Dyfed-Powys Police,Dyfed-Powys Police,-5.040945,51.713551,On or near Victoria Road,W01000594,Pembrokeshire 012E,Other crime,Formal action is not in the public interest,
3d19292ebe2137400cf401a83fb4c33fa96036243a8029b1b571208ae22610d9,2024-02,Dyfed-Powys Police,Dyfed-Powys Police,-4.929507,51.693657,On or near Llanion Cottages,W01000601,Pembrokeshire 013B,Shoplifting,Investigation complete; no suspect identified,
,2024-02,Dyfed-Powys Police,Dyfed-Powys Police,-4.933784,51.694225,On or near Petrol Station,W01000602,Pembrokeshire 013C,Anti-social behaviour,,
,2024-02,Dyfed-Powys Police,Dyfed-Powys Police,-4.933784,51.694225,On or near Petrol Station,W01000602,Pembrokeshire 013C,Anti-social behaviour,,
,2024-02,Dyfed-Powys Police,Dyfed-Powys Police,-4.946623,51.691367,On or near Charlton Place,W01000603,Pembrokeshire 013D,Anti-social behaviour,,
f141bcc410437cc783d6f9732a79ee9b383401802dc0b1fc9850919cb45ce9db,2024-02,Dyfed-Powys Police,Dyfed-Powys Police,-4.825038,51.697648,On or near Bird'S Lane,W01000557,Pembrokeshire 014A,Violence and sexual offences,Status update unavailable,
7acedcdac8e48ce06a22cf69eab4f2f3f1921479e4de8c73a291f56b32cdef43,2024-02,Dyfed-Powys Police,Dyfed-Powys Police,-4.781454,51.645878,On or near Dewing Avenue,W01000584,Pembrokeshire 014C,Violence and sexual offences,Unable to prosecute suspect,
,2024-02,Dyfed-Powys Police,Dyfed-Powys Police,-4.910201,51.670879,On or near Grove Court Mews,W01000609,Pembrokeshire 014D,Anti-social behaviour,,
,2024-02,Dyfed-Powys Police,Dyfed-Powys Police,-4.910201,51.670879,On or near Grove Court Mews,W01000609,Pembrokeshire 014D,Anti-social behaviour,,
,2024-02,Dyfed-Powys Police,Dyfed-Powys Police,-4.919696,51.684017,On or near Gatehouse View,W01000607,Pembrokeshire 015C,Anti-social behaviour,,
,2024-02,Dyfed-Powys Police,Dyfed-Powys Police,-4.917233,51.676092,On or near Nightclub,W01000608,Pembrokeshire 015D,Anti-social behaviour,,
,2024-02,Dyfed-Powys Police,Dyfed-Powys Police,-4.918019,51.673914,On or near Owen Street,W01000608,Pembrokeshire 015D,Anti-social behaviour,,
,2024-02,Dyfed-Powys Police,Dyfed-Powys Police,-4.713205,51.675851,On or near Heywood Court,W01000619,Pembrokeshire 016B,Anti-social behaviour,,
,2024-02,Dyfed-Powys Police,Dyfed-Powys Police,-4.702587,51.673164,On or near Parking Area,W01000619,Pembrokeshire 016B,Anti-social behaviour,,
,2024-02,Dyfed-Powys Police,Dyfed-Powys Police,-4.702798,51.670892,On or near Trafalgar Road,W01002014,Pembrokeshire 016E,Anti-social behaviour,,
,2024-02,Dyfed-Powys Police,Dyfed-Powys Police,-4.699111,51.672120,On or near Crackwell Street,W01002014,Pembrokeshire 016E,Anti-social behaviour,,
8e8112d5ab08add256969affd6e2603e2a7209b32be6a875ee195958256ab4f5,2024-02,Dyfed-Powys Police,Dyfed-Powys Police,-4.701259,51.671521,On or near South Parade,W01002014,Pembrokeshire 016E,Public order,Local resolution,
,2024-02,Dyfed-Powys Police,Dyfed-Powys Police,-3.147095,52.699047,On or near Celyn Lane,W01000444,Powys 002A,Anti-social behaviour,,
,2024-02,Dyfed-Powys Police,Dyfed-Powys Police,-3.102512,52.733273,On or near Cae Perthi,W01000457,Powys 002B,Anti-social behaviour,,
,2024-02,Dyfed-Powys Police,Dyfed-Powys Police,-3.074669,52.758557,On or near Willow Close,W01000458,Powys 002C,Anti-social behaviour,,
,2024-02,Dyfed-Powys Police,Dyfed-Powys Police,-3.147993,52.653728,On or near Castle Walk,W01000498,Powys 003A,Anti-social behaviour,,
,2024-02,Dyfed-Powys Police,Dyfed-Powys Police,-3.147658,52.659009,On or near Berriew Street,W01000498,Powys 003A,Anti-social behaviour,,
,2024-02,Dyfed-Powys Police,Dyfed-Powys Police,-3.148724,52.655690,On or near Oldford Rise,W01000498,Powys 003A,Anti-social behaviour,,
,2024-02,Dyfed-Powys Police,Dyfed-Powys Police,-3.140534,52.664786,On or near Bronwylfa Road,W01000499,Powys 003B,Anti-social behaviour,,
f7b2d3bb9ffead745afae42328dd7c1f7630a28af0a7904ee71089181b729964,2024-02,Dyfed-Powys Police,Dyfed-Powys Police,-3.138613,52.660840,On or near Foundry Lane,W01000499,Powys 003B,Public order,Unable to prosecute suspect,
,2024-02,Dyfed-Powys Police,Dyfed-Powys Police,-3.835108,52.637425,On or near Parc Dulas,W01000442,Powys 004A,Anti-social behaviour,,
,2024-02,Dyfed-Powys Police,Dyfed-Powys Police,-3.351014,52.637014,On or near New Road,W01000460,Powys 006B,Anti-social behaviour,,
f1c82d4a9f4dbc1ebc9c0b72c08770b248bf4a85f8f6326b55f490685ed7342d,2024-02,Dyfed-Powys Police,Dyfed-Powys Police,-3.390316,52.599491,On or near Parking Area,W01000488,Powys 006C,Violence and sexual offences,Unable to prosecute suspect,
e80218e27c824a7adc7a7d0f370a65faf5a97005ab5b49953c7a335c826f79af,2024-02,Dyfed-Powys Police,Dyfed-Powys Police,-3.390316,52.599491,On or near Parking Area,W01000488,Powys 006C,Violence and sexual offences,Unable to prosecute suspect,
5cbb37d4737160db79f311ad143898d1762e424120e8f091f8aa4a976448da9c,2024-02,Dyfed-Powys Police,Dyfed-Powys Police,-3.075409,52.540459,On or near Parking Area,W01000434,Powys 007A,Drugs,Status update unavailable,
edc651c7a19e64095fcd8ab5f03e9e724718b73c5082add77ef1bf1c938cb46c,2024-02,Dyfed-Powys Police,Dyfed-Powys Police,-3.295925,52.561085,On or near Smity Fielda,W01000439,Powys 007B,Violence and sexual offences,Offender given a caution,
7b7dc59fb5b2119d3e68403a5dacb2ef12dc0d48f8c0cc6a95b386641ee348c7,2024-02,Dyfed-Powys Police,Dyfed-Powys Police,-3.313271,52.514566,On or near Shortbridge Street,W01000480,Powys 008A,Violence and sexual offences,Unable to prosecute suspect,
,2024-02,Dyfed-Powys Police,Dyfed-Powys Police,-3.314599,52.511656,On or near Cwrt Croesawdy,W01000480,Powys 008A,Anti-social behaviour,,
,2024-02,Dyfed-Powys Police,Dyfed-Powys Police,-3.315773,52.515932,On or near Broad Street,W01000480,Powys 008A,Anti-social behaviour,,
,2024-02,Dyfed-Powys Police,Dyfed-Powys Police,-3.316826,52.516641,On or near Nightclub,W01000480,Powys 008A,Anti-social behaviour,,
,2024-02,Dyfed-Powys Police,Dyfed-Powys Police,-3.310345,52.513780,On or near Stone Street,W01000480,Powys 008A,Anti-social behaviour,,
dcf7359136be9a4b744a20ddbda7c05b1a03a0d6cf763b15a82f1f6150ed49e0,2024-02,Dyfed-Powys Police,Dyfed-Powys Police,-3.316826,52.516641,On or near Nightclub,W01000480,Powys 008A,Public order,Unable to prosecute suspect,
e676c5072186b84e4e4c631c147de0ee6a83509c82e73e08de883f4c463ee9e7,2024-02,Dyfed-Powys Police,Dyfed-Powys Police,-3.312560,52.510960,On or near Dinas,W01000480,Powys 008A,Public order,Court result unavailable,
ac7b1747bee97e63b6519845ba969ec3e2b434a18ce9686a23a51b348b0eef7c,2024-02,Dyfed-Powys Police,Dyfed-Powys Police,-3.315270,52.516360,On or near Old Church Street,W01000480,Powys 008A,Violence and sexual offences,Unable to prosecute suspect,
6195d5cb8426e5983cff5069152db1f108905dcb40e0290909b7c91da2d26d67,2024-02,Dyfed-Powys Police,Dyfed-Powys Police,-3.316826,52.516641,On or near Nightclub,W01000480,Powys 008A,Violence and sexual offences,Unable to prosecute suspect,
6c0de46822f1a36545ae4c14837f3c95f8637565e1e1052222ae24aa63f0c437,2024-02,Dyfed-Powys Police,Dyfed-Powys Police,-3.331990,52.507857,On or near Llys Afallen,W01000478,Powys 009A,Other theft,Awaiting court outcome,
,2024-02,Dyfed-Powys Police,Dyfed-Powys Police,-3.331810,52.509702,On or near Lon Derw,W01000479,Powys 009B,Anti-social behaviour,,
8ca573638000c636fcf52e9807255135f499fcaee954a442197596f4f17ec029,2024-02,Dyfed-Powys Police,Dyfed-Powys Police,-3.320203,52.511306,On or near Parklands,W01000479,Powys 009B,Drugs,Local resolution,
,2024-02,Dyfed-Powys Police,Dyfed-Powys Police,-3.325813,52.504815,On or near Pine Court,W01000483,Powys 009C,Anti-social behaviour,,
,2024-02,Dyfed-Powys Police,Dyfed-Powys Police,-3.343889,52.499433,On or near A489,W01000483,Powys 009C,Anti-social behaviour,,
,2024-02,Dyfed-Powys Police,Dyfed-Powys Police,-3.057351,52.344082,On or near Garth Meadows,W01000448,Powys 011B,Anti-social behaviour,,
,2024-02,Dyfed-Powys Police,Dyfed-Powys Police,-3.046629,52.345697,On or near Mill Green,W01000449,Powys 011C,Anti-social behaviour,,
,2024-02,Dyfed-Powys Police,Dyfed-Powys Police,-3.046629,52.345697,On or near Mill Green,W01000449,Powys 011C,Anti-social behaviour,,
,2024-02,Dyfed-Powys Police,Dyfed-Powys Police,-3.389275,52.222729,On or near Parking Area,W01000438,Powys 012A,Anti-social behaviour,,
b5064f1731bd516155a7ac548fdc5e62d9b3dcedc5285fc7e6f59d5e0f8637b8,2024-02,Dyfed-Powys Police,Dyfed-Powys Police,-3.389325,52.217774,On or near Mill View Close,W01000438,Powys 012A,Violence and sexual offences,Status update unavailable,
f78075f93a5dd24aab439efbcf90a57a5d457c044543c9f8b60e4adf9e9d170c,2024-02,Dyfed-Powys Police,Dyfed-Powys Police,-3.339381,52.275687,On or near Guidfa Meadows,W01000451,Powys 012B,Violence and sexual offences,Unable to prosecute suspect,
,2024-02,Dyfed-Powys Police,Dyfed-Powys Police,-3.396309,52.325043,On or near Rhiw Gam,W01000477,Powys 012D,Anti-social behaviour,,
f10344311327fb40b47c38c576617ea23d0d07e8a24115f3f58bd4c7906c8051,2024-02,Dyfed-Powys Police,Dyfed-Powys Police,-3.382298,52.239426,On or near Park Terrace,W01000454,Powys 013A,Violence and sexual offences,Investigation complete; no suspect identified,
,2024-02,Dyfed-Powys Police,Dyfed-Powys Police,-3.382298,52.239426,On or near Park Terrace,W01000454,Powys 013A,Anti-social behaviour,,
,2024-02,Dyfed-Powys Police,Dyfed-Powys Police,-3.378032,52.239764,On or near Lindens Walk,W01000454,Powys 013A,Anti-social behaviour,,
,2024-02,Dyfed-Powys Police,Dyfed-Powys Police,-3.377769,52.241205,On or near A483,W01000454,Powys 013A,Anti-social behaviour,,
d377b3401c2d5d52977f1881f58711784ef624873fa96dafee37315528a71c4f,2024-02,Dyfed-Powys Police,Dyfed-Powys Police,-3.386027,52.240659,On or near Rock Park Close,W01000454,Powys 013A,Drugs,Investigation complete; no suspect identified,
f371f1fdc332fcce34c133938bfdb3b744ae6520542baba9aba453d9776b3be5,2024-02,Dyfed-Powys Police,Dyfed-Powys Police,-3.376932,52.243523,On or near Hospital,W01000454,Powys 013A,Other crime,Unable to prosecute suspect,
,2024-02,Dyfed-Powys Police,Dyfed-Powys Police,-3.375191,52.245434,On or near Trefonen Avenue,W01000455,Powys 013B,Anti-social behaviour,,
,2024-02,Dyfed-Powys Police,Dyfed-Powys Police,-3.374546,52.245424,On or near The Rise,W01000455,Powys 013B,Anti-social behaviour,,
,2024-02,Dyfed-Powys Police,Dyfed-Powys Police,-3.378082,52.248943,On or near Brookland Road,W01000455,Powys 013B,Anti-social behaviour,,
,2024-02,Dyfed-Powys Police,Dyfed-Powys Police,-3.639903,52.105924,On or near A483,W01000471,Powys 014E,Anti-social behaviour,,
,2024-02,Dyfed-Powys Police,Dyfed-Powys Police,-3.236878,52.013954,On or near Parking Area,W01000430,Powys 015A,Anti-social behaviour,,
409bc703e6ec1798a72665db0217f9db97757bc7f0268fc0ab1bac2b9c85f538,2024-02,Dyfed-Powys Police,Dyfed-Powys Police,-3.236878,52.013954,On or near Parking Area,W01000430,Powys 015A,Violence and sexual offences,Court result unavailable,
,2024-02,Dyfed-Powys Police,Dyfed-Powys Police,-3.113942,52.008806,On or near Parking Area,W01000445,Powys 015C,Anti-social behaviour,,
4dd754a5ac1f7feb7cc2ff4f61e1ca9f98943b4facd42e4dfbf315a1953c570f,2024-02,Dyfed-Powys Police,Dyfed-Powys Police,-3.139034,52.071405,On or near Birch Close,W01000446,Powys 015D,Violence and sexual offences,Unable to prosecute suspect,
,2024-02,Dyfed-Powys Police,Dyfed-Powys Police,-3.229121,51.999973,On or near Bryn Derwen,W01000494,Powys 015E,Anti-social behaviour,,
a0a3335be8d74e8ac15c13768d5277ba7c5fbd70cfdcd2b9cc93b93d6ed87338,2024-02,Dyfed-Powys Police,Dyfed-Powys Police,-3.230597,51.999589,On or near Park Avenue,W01000494,Powys 015E,Possession of weapons,Court result unavailable,
,2024-02,Dyfed-Powys Police,Dyfed-Powys Police,-3.408126,51.945360,On or near Ashfield Place,W01000489,Powys 017A,Anti-social behaviour,,
,2024-02,Dyfed-Powys Police,Dyfed-Powys Police,-3.400837,51.943495,On or near Bailihelig Road,W01000489,Powys 017A,Anti-social behaviour,,
,2024-02,Dyfed-Powys Police,Dyfed-Powys Police,-3.388176,51.944796,On or near Supermarket,W01000492,Powys 017D,Anti-social behaviour,,
,2024-02,Dyfed-Powys Police,Dyfed-Powys Police,-3.391368,51.947789,On or near High Street,W01000492,Powys 017D,Anti-social behaviour,,
,2024-02,Dyfed-Powys Police,Dyfed-Powys Police,-3.386692,51.945272,On or near B4601,W01000492,Powys 017D,Anti-social behaviour,,
,2024-02,Dyfed-Powys Police,Dyfed-Powys Police,-3.134238,51.859439,On or near Beacons Court,W01001903,Powys 018F,Anti-social behaviour,,
c3fe8ec3e67cedfc4ca7b34e14fd9790c638e4a77cd87b8be93507df926150fb,2024-02,Dyfed-Powys Police,Dyfed-Powys Police,-3.148282,51.850977,On or near Plasderwern,W01001904,Powys 018G,Violence and sexual offences,Status update unavailable,
,2024-02,Dyfed-Powys Police,Dyfed-Powys Police,-3.417141,52.013451,On or near Cae Pentre,W01000440,Powys 020A,Anti-social behaviour,,
6a5cd329fcfaad616659c2fc02b9529e6082d5b28f3c0c182fe2f40437734655,2024-02,Dyfed-Powys Police,Dyfed-Powys Police,-3.708819,51.797706,On or near Morgan Street,W01000496,Powys 021B,Other crime,Court result unavailable,
f6e473b86a9caeca34fd83db887e950d445c61a5acaa04b060f920302613db75,2024-02,Dyfed-Powys Police,Dyfed-Powys Police,-4.033890,51.724737,On or near Glanffrwd Road,W01000847,Swansea 001C,Drugs,Local resolution,
95cdcb33ba03e5c9ebf5152cc0f359f18cec0e1e3078c0c28f2bcf303b69db1a,2024-02,Dyfed-Powys Police,Dyfed-Powys Police,,,No Location,,,Other theft,Status update unavailable,
2a30a3cad541897b6ba352d58e8e65e038ae7ed98c474dcd8ed4ac2ae1a854c0,2024-02,Dyfed-Powys Police,Dyfed-Powys Police,,,No Location,,,Possession of weapons,Unable to prosecute suspect,
f184ee5f82637ba02fef803b455d985f2ee8c920c8cd31b29691244d8a5e8ca0,2024-02,Dyfed-Powys Police,Dyfed-Powys Police,,,No Location,,,Public order,Unable to prosecute suspect,
c48a3f9d466e387b76038c30c5d162020ad2f529271faa0ace4e2228a34e1cc0,2024-02,Dyfed-Powys Police,Dyfed-Powys Police,,,No Location,,,Public order,Unable to prosecute suspect,
83e529cc0f12b4423dd63f5241ba1ef8245318423c4c97afa4f7cd928dd6ea38,2024-02,Dyfed-Powys Police,Dyfed-Powys Police,,,No Location,,,Public order,Unable to prosecute suspect,
677d251b43903a31c85e654391143146dec557723a47331c7aa225d604d6e571,2024-02,Dyfed-Powys Police,Dyfed-Powys Police,,,No Location,,,Public order,Unable to prosecute suspect,
a9e6dcc72a2aaf022a9cfd6ab0f0486245457cd21b57c194295cc532501f1326,2024-02,Dyfed-Powys Police,Dyfed-Powys Police,,,No Location,,,Public order,Investigation complete; no suspect identified,
6f685f76c8464c8f3e9ff1aeb9fbc79e9abb9ef2c455725245487ddb91644936,2024-02,Dyfed-Powys Police,Dyfed-Powys Police,,,No Location,,,Public order,Unable to prosecute suspect,
4d1a7a51d8d71483988a8ce805bfd352e654c4d2e3c0203801dfe8b159313889,2024-02,Dyfed-Powys Police,Dyfed-Powys Police,,,No Location,,,Public order,Court result unavailable,
e5f87fad38eea9bc9aa174caccc87279984e18283c5718246bfd079a2b003a96,2024-02,Dyfed-Powys Police,Dyfed-Powys Police,,,No Location,,,Public order,Status update unavailable,
767338cee0df25b31fc2014f86ae6149ab6a87a5a703cfd5724e03187b55b424,2024-02,Dyfed-Powys Police,Dyfed-Powys Police,,,No Location,,,Public order,Unable to prosecute suspect,
5e7ae79ff16c905cf4d270732270501d72ccac26a2d23cd25b63ef6e197caf17,2024-02,Dyfed-Powys Police,Dyfed-Powys Police,,,No Location,,,Public order,Formal action is not in the public interest,
73f275caf26931135439438f94af82d77d0195a5627fe515edb16fd5950c4aa1,2024-02,Dyfed-Powys Police,Dyfed-Powys Police,,,No Location,,,Public order,Status update unavailable,
e3a91d414f6b0cd502b59ad686b5fea7aae3fb4a3d115e7503c882dc24cac131,2024-02,Dyfed-Powys Police,Dyfed-Powys Police,,,No Location,,,Public order,Status update unavailable,
bf6c2b980ca60f09d4216ffa5ee672a5c8d580924b22875f8a840b1c8de84648,2024-02,Dyfed-Powys Police,Dyfed-Powys Police,,,No Location,,,Public order,Unable to prosecute suspect,
fde2ed71b4f2f612a9f66ab347c3b2fe0a92f31e1cdb399975cf43243318a778,2024-02,Dyfed-Powys Police,Dyfed-Powys Police,,,No Location,,,Public order,Status update unavailable,
c2c49d1bb7dde796a53068f14f3a4bcfe645452fef96c30bf9e6ca258ccafbef,2024-02,Dyfed-Powys Police,Dyfed-Powys Police,,,No Location,,,Violence and sexual offences,Unable to prosecute suspect,
fb6c55559b8b657da0174e4d45f33b3299856c7071bb79d99cb083e128f17dfb,2024-02,Dyfed-Powys Police,Dyfed-Powys Police,,,No Location,,,Violence and sexual offences,Unable to prosecute suspect,
87a892761adbf16b8e61b4d122995e98f915ac312d30f1417203997552949ee1,2024-02,Dyfed-Powys Police,Dyfed-Powys Police,,,No Location,,,Violence and sexual offences,Unable to prosecute suspect,
70df82486c3eaf7a0666c0fb40ea24ffaedc4dfacfcd8887f2cd17e351a90ece,2024-02,Dyfed-Powys Police,Dyfed-Powys Police,,,No Location,,,Violence and sexual offences,Unable to prosecute suspect,
036d1d7e891760aeb94bac4259c10d604579b5e99409200ab6be230cda30b64e,2024-02,Dyfed-Powys Police,Dyfed-Powys Police,,,No Location,,,Violence and sexual offences,Court result unavailable,
2862416e5ccee58ae2b6727fa3c209dfce209cdbb94e135babf45292830b8e9a,2024-02,Dyfed-Powys Police,Dyfed-Powys Police,,,No Location,,,Violence and sexual offences,Formal action is not in the public interest,
1fedf4205a7a6de91a088da7fe01275bd95c5806613ae5a0363b4828b6689e62,2024-02,Dyfed-Powys Police,Dyfed-Powys Police,,,No Location,,,Violence and sexual offences,Unable to prosecute suspect,
9233f2ebc5fb616b9c98bec06daa9d4a0e83e512bf8ffb2484bdd7aeb54ae2f7,2024-02,Dyfed-Powys Police,Dyfed-Powys Police,,,No Location,,,Other crime,Action to be taken by another organisation,
